,0
0,3DKcHmHdqcUDAX2Yi2sjX9Hauam25Nk5Ja
1,3JNZyt1ocETf9oHscQfx17XNqY3odHAjaR
2,bc1q0xur68lq587lw8aqf96f4qqcmum6sqcpyyy94a
3,3JjtnDXknvY7HWidn5wt5BdZsRdXCGEt8y
4,3J9rQSzvNThPdN5FDbJAD3N8Wdce1KF6Ms
5,3MAfimT3djAdoftsfXNzLKypASeCuyQNhQ
6,336Cqh6hp7qXtJtU26BAPFWW1v2bBymrej
7,bc1qj02tf6sqyn92s7vmmpq6vn9hls4yegvntknfdl
8,3EWxsS8SBYKmYn3aPQ2uu84iehK8J5MGNW
9,bc1qnxdgcj0ywhh4a7j8u8hrzd0lhzlfquservd77r
10,3JekQJ5icD3gDSbPiSMLchenaSUCroGSaV
11,3JRdGQfZgGtNX8vXjmaweDTsW6mBfVj62H
12,3L9M1wPpy5vvntsTvt48AgJQm1ubaztmrT
13,1267ypk4B9U221BC42292jG1ny3W6NyrWx
14,3KG4GAkmvpPKzeKGm8qAnyDmamHSL9MzLT
15,37wohwBian6n2icGwJQbDTVNyqjJ15zsw8
16,3QZRg9aNqRn8X8UcbcEosMNcZgiJrV8F1e
17,bc1qfdfcej8vvsau0mq087xugdj0l0c5085g8wuwe8
18,3JPVMgc4NxK5UTRnPiihtUyFzWwsVqjzJQ
19,bc1qx66yug3utc2dzz8mmu0xvtnefagch0ty8057cj
20,3AdrxWJP6diUZPkdPtwHTtf1UQyH6Fdgxk
21,3H8qqnKnAmbxEvjobAwNWoYUsbcRrpDgM4
22,3NNWWyz5qfXphuw3fPZhhtA9M8xgXaEN2m
23,bc1qqwehdueufm4v4ags26xzcnwpt4l34sfvjxvdxr
24,3DxYfpknDUKDeTdfuyoG1AXFh2jrruG4r4
25,38zz2rPzDAksaH4n9dT8zDd2jHA5qMrets
26,bc1q0ahqkytsq4dgdjcgxerh9qyp0dseksxq2xxv35
27,34sPujxTo5GTnF8nySK8qakCkNm5HQgS7M
28,3FvhU9QhEDiVaDbqCN749Hc5tQ7u2M9Hkh
29,3JXvvGN7tZfUBPKtt233mCcmy9vok7g4rL
30,bc1qmn3623flza5n3hmrjrl4pg0pyr9325n7cf2jt7
31,3C9823PA1PpD1Bom8Q2yZkgHCAnnayF4eU
32,bc1qdh0yfe4vektndqsk630a2nc30n0xwre9lu54zl
33,387eTKWjwsb12rF9aPX7JpQMmcJn3UF6g3
34,3KC35tmYpKeYD7asxHLpa47Qh3PzXP4mfu
35,3CL3U6XPkPZ7NThvhFrg5zXBQEjFpY65f1
36,bc1qfqpdeep2yr60sewzeud2faa6958jppraar82xs
37,3QWHtf1LB2Jv8CRupjh32ok6NmMA3eUDod
38,bc1qkl2mh739rkdd272tme5h60p9dd5s9e2ahv6pn6
39,113LaspLBbvVMidszwDedJ7eAJzzvYj1xy
40,11t5PBBjzbWYuD3BJs9B7rGYtPfUqvGp3
41,1228M4X2wDnjwtFRjib4XWtEWbDHczLe88
42,1234gKBrciuMmC3JJTe98Ki2QgpAfZsFFe
43,1235CeG5b76K9t7tXAo9AqSLTDNFw7kXg6
44,12DFFtDgaYRAmaYxMeJyMC7ZnYa6BQWayn
45,12DhoVDBE49EcZdsD7QFLhLXv7wKaUbpLc
46,12dtMz9dXYavUe9CUBeSGDoHCosq4LgG1f
47,12FXRkUsv88iReL8Rt6oxCEU8PBrFKFkSi
48,12GVUxBkEUvM7N7Ds73Q1dSUyrTaTotZNJ
49,12iRRKwt4e6itMtYT7AhbTZKVbZUwbnaxH
50,12M1i799g8LFZZ2tVARmi6yaCqGGyTmzVq
51,12oikQRTFVEtDiCtABcgWwiMa486VzNk7B
52,12PxgnQ2uiqCBNZiSQDHT5MFf3TBYskUqk
53,12T9V8rbj2LPaHAfA2AT1j7fGJnDoiGTLX
54,12tDcSy4qHiMsK2VGbh6ygoC3W1dtuu9w6
55,12TUQKoNsPGTMybgpEUv11aVGbfsKWjiep
56,12U55FYEjsgqntvAz4JcsGY5igY3ypXRBo
57,12Vzgy4btxApmAYv6vbPtTthwL8qKf6C15
58,133JgP3AsKcouZTTjb7BessXSjwkwxerUB
59,13cUQo7oiMx8ug9MwTerPkJs1z8gPeC58R
60,13eZE7VNj69BSNFGUHiA8yjXFZyGj8HoPC
61,13eZNf2o1piyi8AbhCEFZGZUB1ZEs8ufzw
62,13iz1acuwUuV7iXxQPsGyGgXxvAsbuKmxn
63,13kYunhaZdAPqtGMp8ZAL3uLYQFpGWQiAr
64,13mBDCnr1q5wf4YNRj3pRDENv5mWPiWrgP
65,13pbpLD2hH82s7V3nA8t6BcMaHWYcF4diM
66,13qF2huSpD4Vim62ChBFbUjtxWQ1zSCE4W
67,13ZgpEZTB78XBqwmBY8imm5iu1y1goBiHT
68,13zzQXu3taaKNgeg1oZc2M3Hn1mwGwZXDP
69,142V2R3KE5dSkmVmzwBL7JzE9y4dKmLoKn
70,147Miaw1WvqZ8TCMK8mKdTsPq4uaD8zBJp
71,14cBcGW4aBoT5aBgfdme7MxQKjLPbhFU5h
72,14Emttme58qPDmLa5x8TvtaQpswk45nwBK
73,14ErBP2JEt7A2hhqAFCUXPTQiXkfxQqewA
74,14Fau5vbWmULPM1Ep3LAA1uTrKxJayqgFJ
75,14goUA7QGYYvyXWFTfoJkaf1bFjpiCZo1v
76,14HuECaEJd6KpAZ2XQQspRfrGxr2X8vod3
77,14HZuAVGEB3vXo4EeyDSgRzNySjpHxsGCg
78,14ioa1FinmAuEVkL9YF9PYeef1Yx6a9hMB
79,14J9Kgre27AksbeHbrhbv7ECGGdsco7iEY
80,14Kh8czmVLdZVr9qnGEF74wJraJAoS81aM
81,14KrUVrzp5XdK5fPUYYLE8sY3C924R2AMd
82,14n6xR5AcRSvBbREQ8ZBniepzVABu4xLJ9
83,14Nbfx2vyH1UDbvqqLzZQ6iaVx3DV6xm5H
84,14NhPc2N83mxuYDjECrYFoTNgHhTkxdnga
85,14nnBYF9eZnhDwxzJ1kU2Z5QUDBAgJXhZA
86,14nWzECcStv6eKsmYX8hWrraWcG8Htjwzy
87,14NxthEsHKp3zcKYy1yMj7jDXzVxqQUQwX
88,14PgfU5b5uYXFXcTLp4Jc3upQLoTkEBJ1u
89,14PotWkzhWHbcTfChy9h6Npz49k9PGEuCa
90,14q8cG1Mt5bUN1jytLvUzo9PpuTfCwBqK5
91,14qappnEvb1a4SgGmkxRDpp5SwixfaeZvY
92,14qRPVcHThiReqc9yoEKEztXyXjALyJi9G
93,14QUnckkiUPVgfw5mztkvMgXHbyR4MCzpA
94,14QzdnGkMcDnLmaXdbf81Zch4RXS7xqFJK
95,14RcUF31cXCHt1QnhyvDT8SbckqGQvGz7T
96,14rhuWDxNDYj3iCLnbxncpJfTNu8vXjZd1
97,14ScjbvGfMkS2GgzTbhqtJLmEf5RzcCJex
98,14TVZ2hGu6MjxwmGEq6WfyYbrtyAmPHTVK
99,14ukH5oM5HabJbXwyU354mMM83mmJttz6Z
100,14vJi7XNnSGkrZL5dxavFpX8xTvL2T7edc
101,14vuKqZeDdYngq7Ht2RZKG7uPiaZdX5Q7U
102,14wjzvdFcHhVsMVK7M8ZNGXohnVTDW5vMq
103,14xDSX76GfaANnpyWzRnY6jJKe8eynjjWw
104,155LJ9kYszrE4SNL9Tgn1xohZBGzse36ro
105,15adZrWpfUk5N3FGgAiYYn1KDvosE73hzj
106,15faYGv1BR9HgcZhDcVEXT83sK5b348pd3
107,15fs72kVuz95Hw4tBFRKcvvr7rcpX7WkRF
108,15h7yQj9mSxbqMgt8KWt49fX2t57VvJUtU
109,15LfSDGQt68CQWWaxPDujkqeKLLqDdLrVF
110,15mLRzn3nkNypCxdThgFJXigpjofCkyFkS
111,15NyzYnpVkW4Q5LdmgtAqoo5d2x28MjgqY
112,15SgHPRsbCGFpW8QA5LouNNTLo7VEi4LPE
113,15uFVwfnNaNNAFYywG6iQnVsTmiNRsdWqA
114,15yn8NizwDfuDE8E2Uko1LxgJQEvAUVtHK
115,15yNnjo85LG25q7qy4kU8ZH1gqPJTDWgp7
116,15zFVBhWA9roq3gMGiPNdj4bUHRPZLFXa5
117,15zmFFRWxu3JCcn8vYohQJXYb9aArevKTP
118,164KfC3T4NnQyTZmz8YZqHwvzdbg5YKvbu
119,165MuFFHZovJHLFEqvPd5ujNFBxsoMS2AJ
120,1663SK1UNeCzjbZJsuVjN6AG2CrKb29tqM
121,167e79cdHMrjxiXvUJ9wunUPoR9NGcM1A8
122,167EFaw1N15dzHPMxZohjRFUT5YkvXKyEr
123,167XKtaKXSD5QKXdhCY7XCtAAP4ieTV3ke
124,16C2amWGqdR4XLqbxzmw43T1UzabxNuZai
125,16fAjAVTqiNijTJzdmcy9su2ZRey7KNShu
126,16FUs6uQktuEqkgbGNP2mwo6aCeTD4FR88
127,16HjNZQsAnKj1gJRhS9A1tDzeFvAi7aFk4
128,16JKNg92on6qrC2tu78xBgJhx6kSD4AZia
129,16k3Bns3kLjSg3wo6AVKKECoc1ojRi8bBh
130,16NWmovhTsDgVrnnaL4KqRA3DsDFWbT6MY
131,16p8WFZfJCVm8Bsajw63PLcfYmnJski1aC
132,16pJfT18qPUJVrRYp9Pi4Uf88UpBncZtc3
133,16sbyHYLxAtBRrrLcWT8fzqW7JV1JHPAMz
134,16sPm91kFjnxeZ2gDEetLvADQ77BbTEdGy
135,16TPi4jeMKTXfEbxLTwXLzVvZhWFqPwkKq
136,177vUCGv6mFGtpbGVUYBXyzCzWpDn5rpvh
137,17bjsaWgSnuS9xWVk1JkVSDNn17CT1d8Aa
138,17cvnq1E65FfU7uythhF6QnAw24DiPa4dY
139,17EqwX2zGipmgpLnuSoLPeetmxSx29srzu
140,17FtjLUvtQBv3K1ivKeSYkQr5gR285hsek
141,17HuL7unGA4NA9GjuMCYAKwH7ob6xwhfBv
142,17jKm6FXqK3Zrt3D1J2a1UgFnReyZqjxiz
143,17kzujnp4BEvgjHeTJnhtf1xoQ3N86pgwA
144,17mQ5GiFKS3jxnGus96bmpbnWkzgqN5zzC
145,17p3kA96n7YVYNKjt7NY86161Yjerj7sb8
146,17PE9REVPSns1k17NJChK1y3MupqWvNS6u
147,17sHmYG1CCnC3fW3VTbm9QZwGejvyGbtqG
148,17uwRvQvoRp5RujVUXDu1eYQBuXD11vsV
149,17vU2cT6fMpzmxU6irdEk6HotC9Pb1EYDG
150,17WzoRm4xrANc2mgGH1inSLgqjZZzAdLnC
151,17YBpvPZhFz3z79LggC5nfERbLqFrezQaJ
152,17Zm5j97FVKgWLJuwNJZYN6XM8iNK3LSvr
153,17ZtL4wqbjRzZJC3xaYF9hv61gVhX7uhEz
154,182JpsEeTrpvARDoWwx73jjmF54mqPohsf
155,182LJTVwsrNyTCVT36aQeKWBC8MtpdfkVN
156,18braHjnLnuK4q2qeDKAexyZovmm4gjhGA
157,18dizVKXqzqtUJctFddme9PtvtT8SFgCQq
158,18EQL1KiygXRawBZzTArKCGDfcuRAaz9h3
159,18f1DbjEEZNNyCPcXLYj5ctsbjPXXbN1cQ
160,18fg8RcEnoJERxsc4uEG4VKC9G5PaiMGuD
161,18iBc2fXpYdrWbKNN63Tyxm4F52a8ZrEEv
162,18jCWBXrjkXsQ6aKSHHn4fUxyPJcC9esLH
163,18kYS5hvAWH5xDAaUSktTGMdjx8m6NMnp6
164,18oV28emAa8mo3EFQo9HBAs3iurhjasXLK
165,18qXCZ1vSJoiyxmSBfWmH2qPDjgdamf67
166,18SdxkPKHzvu2Euy9yhUUB1KjtPuTB8Ypi
167,18SehqzLsuBnEzZogGKVNuhHuYHyYCJhAF
168,18sHmUE8qdzT4kC9ZP3hywGxGU5z8uGrbE
169,18TCNjaEMZieUvywfps4gN8susrBdzefZg
170,18WH8zschaKup61NVUtguXoyJxe2zMF8rd
171,18wHM8ryCEGeceLmGEL31LRUPZDCHN6rBD
172,18wzsVRLJgc92U714VMEFAcLMNLEDVnqVv
173,18Z9B2KLVRLYXUkBYGEH2pcdxYdHXpZj3E
174,192ajLLvaAR9mgbC5LQEhp6GwbgP8Df9ny
175,194fq1ugCznFnLLDPuG3BUPS3ucq4XM1ur
176,194Gu4Ffbgv89qBDyg9wygvXt37xBsufuX
177,19aPLHWa3TPqDSEDs4VoUZGTH47AtKvye2
178,19AwVKyLvR4amqwRNdTvwnkLN2evswVnnj
179,19BqGLR5P4YgK9b5BzQWxBvUVQiiohfjuf
180,19DPbxuaLrjnA3ALKD6eF79853hwimi3we
181,19e2pWo9u9viRnx8x5Uu9rRXn6bNFwuEoZ
182,19e9bwwYF9yncsUYzzi7qtbkohd7nNdiKt
183,19eELVjLNALXGTGnF2J7jkt9ZmSi9DLXTK
184,19jdJh4vc3RW7MqeTbiPkZsTUq2KkJab1r
185,19mxqiGyJ13YKZE5cqr9m6XSMm7h91ftbk
186,19oPze35ofWUxtbcmTAxSMhxP4nmqSkX6g
187,19phsoBtdWgautmagKhSaKmYzzMmHq5Dz3
188,19Q6GYkkhdLN2CdmtjXfeeJ3QdtGbsQqFk
189,19ri8KtmZKTR96TdWad3CikUX66aaRbv4r
190,19vk6Fbv9jSny1C3aLm8vqRA1diaK6uQk9
191,19WkscULyLeF9VL8WDLxRRaSTeuAqeRfcL
192,19wZsQ5RTVAetQA57hJmH6PtVowScug2aF
193,1A5KMvWf4n7QcT22VKSsSGRsc8uR7i7LPv
194,1A7mAFRgY5AXGCbxpM8PZoU3T6zooxmWrW
195,1A7yQqcFJxDXupmboy8FtswUwpZAZDASa3
196,1A8HN9Sjxi6M4APEtcXQ4djF3gPdGzPgBh
197,1AAoGT9jwZhEtqepmuNanqCojpyDpQb5BH
198,1ADSmu5cN8m99btKtCfhvPfJj7km4yz49g
199,1Ae2gyHSBn41mJAbMJGhuFgh5P3PiHhbyn
200,1AgSozb2fzmQLCz2bhDK5DTHEvraSbbkbQ
201,1AiboWGTY6pbm9z5LxLLxMfreN53JNPsUu
202,1AjrvcSD3RZcRsrzKLScN1DvnZSSxUm7j1
203,1AKchq5XyTafSBFuwXhHe114zve1rSzbMX
204,1AKFpEFTrgQuMWtVsrKiMNkCKBNqHajcaA
205,1AnwgrJ2AtX6dTycfFzfLBgBDwu5hgT5XN
206,1APF8vBuDX5gZ7i2EN2GZz7rDREZPAn1mY
207,1AS2Z1LMvu9SE9BwPSHeG86BpewpidJN3j
208,1AShQh6GMYF7aKgV1wbpcSAJNJBLXDEGja
209,1ATSeRCM7J4yQCmKtTAPHhzFmFEPqkVnQd
210,1AVb4PtB9nwKit4kovkqbzi8ipakSmR8pV
211,1AWZswwuVwZscWCGfezqxrdZep9WdY6WuZ
212,1AxEYC5pufHGXfdULWVFRzKbJZFDWpypH7
213,1AXQFDmTwyJeP4Gp6PwVJ1gAtxVSKNzejU
214,1ayFjiobFKAG3y51yXJbMwbYh2zSZ9tLb
215,1AYHzy8NezKUBkcn9PAiYpBRGkqNyJjUs7
216,1B4JejicP8btebsee8ZXRwmppYg3gQyj3e
217,1B618MMrtMiLYRVDv2e2WC2Pa1SowXpU4e
218,1B6jnZatwd5xUhokDVSaeVH85F2ZxgmWym
219,1B8fBogwA8v6KQRMZ3rhAN98gwmvzWJPay
220,1B9Bax81e3TRE2frzwXLWKuYHYCFYMJ52Q
221,1BatquxxJsZ4SwXKB87kzmKyDvxLgSdFi5
222,1BdeY93majkjMLAPoBgt527ijWrgwzJjET
223,1BDYjqhhRcE4Ew6TrUuVj1JFRkRwXarvBQ
224,1Be2rLaNkrzWohGip7KQjhGFVkX3sSRtC8
225,1BEjH9ELQN7mLTsNJLSJ9HRjvSSPt7Ef8a
226,1BeKCCJGVafsXwzQferwdT4n1FP6KJFqZV
227,1BFMFY8AVw8U7mn7sKXnevMNEdoH3JdzE3
228,1Bfs1o3ongyhRg5Jm4TRydNXAL24XG16Cq
229,1BGi8vv1n7gYta4pkrdwXAgoPDESshtdZU
230,1BH6x6qonJF42avwvDVJ9AWevEYCUA4Ay
231,1BJCkkEYLm6812ANCfJVrC6fDCFAiQtMDp
232,1BkYmNN6h3H45TvMWCjLXsMLS914ECtNLQ
233,1Bn56yn3eRZScnP8v2WLbF4z819URH1isS
234,1BNBfd91hjyD1e9TJzgyB11ZzZpW1pynPn
235,1BNnJdJXSj2xqT6YXrcajUC1Nu8BKhU7P4
236,1Bp8FreX9CPyBCJi2AGWXsU82oFpBAn22y
237,1BpBQUv4L1Jxkrxvnk4YBhowM2hvAksBTa
238,1BQdk7WG7gF3FLSwXYPhP85EUv8fdjDGTo
239,1BUEokx6hTwG1KeMjDfwjAePm3rHKh3sZf
240,1BVsHqQk4wPrQ3DBbAX1YLCPmj9nX73jJH
241,1ByLcTunj3CszEPgiteHAbWuNp4iXVMGcz
242,1BYmCxc2MVdquTbPJu76NuaZP21jooabCW
243,1BZbjL9zooXs3VFgva9oMQaVeQecsMK8PC
244,1C27t15EvwvPTmcTx8MyLunmR7vi3yJ6zP
245,1C2MTa3HwpLhP3bsYV2rFZVNbGWxSALgvX
246,1C5cmDtbBt4Q9qM2ujLvKfSV8JJNoe2Vpw
247,1C5dRLDJSbEUVYquDt3BABkYRTmj9p8DBt
248,1C6bUM3BgViGHDfmig1pCdYxyfRpoZH6qs
249,1CBBJrUnD7EcN76kbDZtD7U6PzrWLXbhhz
250,1CBf6DpckafpHa71GZxuCTxCBBmo9HkBTK
251,1CDzvKFswwqBPp9CTfvG6WbcbbSfxiomNa
252,1CFYpoPEJeGTKF9y2uq9vecpYQ3DRBJiNm
253,1CG8achbSYriiwACfcbrN5NP8KGXQWnFtE
254,1CgMLpX6b9sQa6DXHfFHMFxPHxdSLfSq3n
255,1CHHFCybpuovJJRp1iDWmJGgTrNJNt8MVe
256,1CHnQeMBycfNbb5yhdD1tzeqdctd7oHSna
257,1CK5MqFynQ4RsRc8iRE9MnERgm2T94vgBt
258,1Ckv7EPVJnesmi2PsxMgevX5hEn68xzgDw
259,1CL9mFjd4k4qSFpotXf84XQA41ozGgmz4p
260,1CLfBqraK2zm1YopZQ3UbpkDpzSHeQRhcK
261,1Cn6RWfgebckk8C5dGLNXkF9jswDaYrM5C
262,1CntiV4t3mJGC3Q6273UiFCfihCBEuFDkN
263,1CnXFAcoCPDv5hYZrSEbe3dYiWcrMnoyJY
264,1CrFLNrc3FLyALHApBePwPEFNQsQ4SSwL8
265,1CSfFxUFLK3b6Teftjtj1mjftiALX6C9uW
266,1CTcpJPSN8KCFj6iFNRg2qnK5HKwRTqEfZ
267,1CTruuXPciqBrzBsKjZEe2AJWVfZgNGPtE
268,1CTzXAa3iywqKHRFmsQchkT5vqL9FFVBLV
269,1CUgPjmWaSuL8LBG59fpU91yUsSP2wWv2k
270,1CULedu1tq4Ef9QVL97WgxLZ8XacTjANSs
271,1CvADZ3aS7t2DvniEyhTq5yMQQ5oYSAyqS
272,1CVH9HjKhFWMTvtghLKjvagYsZohJf4d3e
273,1CXabp76q2EXgEfxmzAg5s53qc97Lq9eCh
274,1CXoEgv5wkkc6ZPYnMe7sx2ESMG29qTFBQ
275,1CYF2jgswi4oUEC3JyQQgBaDWCF5FPBr5t
276,1CyRS3HEuYWrTu6hm7ENv7FDG4kfMpYHyk
277,1CzuKvMfKKEmXApDnQ4fKNE8xhBXRHoQUf
278,1CZZoaDnzKrmkLzuv8utBZdUHNtA5E8eTv
279,1D3oDxZmud3Hv7t9L2AH3nRW4oN8HhFC7h
280,1D7L9vgPeu6HbqvjJAmZziTbvtQd5VVsM7
281,1dATsqutUJNpPdK5qu88aEs7ihGiX7L64
282,1DCqcDre5b6pL1dZH1VyJXdwULYbWyhCuk
283,1DDGdN8LP8CGvFevqHgoSGgc1QVKKjSHJb
284,1DE1zX8QmGmmQiMqyMHYFqkV3dFQrh39Kk
285,1Df3w74kLQVNNhMHVeFqoQ3EjyqSz6G85H
286,1DfG4p5qZz31bNmDTfv9HyrXWY8ZGDSwut
287,1DfGJ678J29wnEYGmPBXN7DnDMtpVT972v
288,1DG5BrEjqALt2Q4Z4ZfWaJt2UpxxiC5Q6g
289,1DHfD86XFhzKUun89iRojT3n3dtA3mPC3d
290,1DJMHit7N38SohJmbtvshMZ1kWAcPVECRP
291,1DpcYXB8e7BzzwT3HKirDecdyMwQCy2V1S
292,1DPW1yToygPQhMWY3ZLXXPgYMEGsoeqG5C
293,1DrBFNienjY7ccMjke5KUSPHLftrNJc9Xy
294,1DrZVTLhKFxDYSV98EBADYgFALCY4MHJDJ
295,1DsNQzUK8XfuuxKeQvNVtzqNqofMJN1wrW
296,1DTzaiWLFThgZsoCzzfkKgiinRtXqj4ho
297,1DubTFjKE9E3qvugwgZvvxmdmNeqAgoT1z
298,1DVU9JP1VYQYdMvjKdp8af4uz8G7SAa1Cr
299,1DWUiaSg2Dx9kKjTx6UArUnaGGVU2Azpr3
300,1DZKGDU8r4D7LjpmAtE1tpTzxkFNhauXop
301,1E62PqPtPXpQorz8EM5EkLwHT4ejq3PAcJ
302,1E9BLnfvoJUQBx9FLUXBZsvbtMjuzEcjEe
303,1EBbQj14eS9ubcRscoUWfD1aS2Ypryq5qW
304,1Ed12dLoYcRFcbSeNc2WbyeWiU5sQW5uFQ
305,1EEjTNaHufSpMKiUxxumcHoLjdhevGEtmm
306,1EG58SSbdxVMNhsJNWCsJjhYxw3xXQZn29
307,1Egq6W65ja5PRaXoE19H3bhpgDZddzE6tA
308,1EHDWnDmxx8qQNgogbrvLVziCNRfc6MJta
309,1EJ2LrZakdnhmSpgrrQJaHH188Fn3Q4yep
310,1EJRWbAv5u1yc3DkCmV2KqQSu4pbjM8KrR
311,1Ek7LgoVxsYjYE7FYzfBcVCAmBeE1ZKmgR
312,1Eknq7n1tMuq8jedvZHPK1gd7wsMdorH7w
313,1EKvWbMGN1tV8dQ7vxhcSDDS8dZgJ88zWQ
314,1EmaUt7cFjyBm8opvTWVoDcmcCzmPrVihN
315,1EnGLgFxC8Gd9E4BRa6UNJuNjCRLBdPNeV
316,1EPobyKGiyTreAHfKS5KmRdnKG2pBAqMaH
317,1Eqw5uXY3KwVKvonjkNw3pmmNUkYZXxoTj
318,1ErQknvqypG5SP2M6gYD5ktK3N7F762ud6
319,1EtcuaFWvsGKKQRXp6toQ8jHsEdCrqsdsE
320,1ETLmvMta5pK8KxrgspM4QWyo495Y2bQpp
321,1EXWfDDiDfSnGpjiwaB6gqWHiKnsMCnqcX
322,1Ezo83YNUwukhiZ3SqBCvmhmfr98QfgtCd
323,1F1BXXwmTDNBQMc7HoyFpPpcsDwY2cjoDD
324,1F7hsw6DBs3piVfHRyAwDRWFDGiUhqaC9d
325,1FAVJ3XXh95R1hyAKKQai2y2F5bF1dwUcs
326,1FazmfVbqT8KShjvMFhYY2eZWg1V2YVv48
327,1Fb6JbofyyWBUxtnMWfA3qakp7KTvqSPk6
328,1FcuThckVXYVif5h1iufDbPtibVUeqHPaJ
329,1FED8aNiXatNZ8uRXADc5EYjc1RaUGkaBe
330,1FfRHinBanP8L4FaCMoJdte1XjHpvBBLX
331,1FGMP9pEiuWHYVXYt4Rto7uXRrKedESeUF
332,1FJxmQyeN6G1MuvUVVYW4Ra2mJ1Kc3rwHS
333,1FjZhPH3GgvDrkS3YW7ZZYMLF8q1KJfcWu
334,1Fk4cAzeR4AWt6YZWZ9Vi2jURQzxh9mvRL
335,1FKbJHbdzrmb36NF7zN49gZ1neWcBviBjA
336,1FKXbMUZHfji8dKgfSbCif4ZP62TfciVRM
337,1FLAdaxxAF2mRDZzdQvUn98XTrpQnwv6zy
338,1FmmALGrguGwuf1riNTyEhgsSccSSYJ8ie
339,1Fmy4Ti6YQURsTgKAYmu1g5BgjHUCDmmfy
340,1FoUaYjSEFi75Lu3Eb3VrqTR1rm26WzogG
341,1FQAryzyCd9BLyxsGPTkN49Jku34qES8Fn
342,1FS3G8RTuDkCfPUgLEe9YVgRmv9CD3k9pb
343,1FSPX93SRNaegeMQR5HW6P1ckJn24LbyE6
344,1FtPoNjt9rs5gYZiHptw9Nzczmbsyd9ZiK
345,1FtUrss6SrDrY3BsFGCxq97mtRk2dxeZ18
346,1FUbRDiCvR2tNxkNffacAZjv5jDJpzkJaL
347,1FvcZ1GpjbQcV3QENoZx5993JtPKs6Vbpy
348,1FViByXpCScDwFLoPK5xw4CboRsGF84968
349,1FVoZcnE4sKNqZLjRBsPa1HBEViq47NYCe
350,1FypYSYzB5z7JYZodcj2YdL5rkx7j9uoga
351,1G5XjXCR4pijviYCbnzu9Eu8MNN8e2kHrd
352,1G8kG1jzuvBnouxLh6n57WeKLWmg2trNWr
353,1GA8ynymBSUrxMo1ZZsazVvwio9jjjz8Pz
354,1GAXMFXWeLG1SXBeeybBsMqYT77Ug63yr7
355,1GDD2PWdKE2c8nZ3peJKr33PNf8bSWP8Rx
356,1GGpYhrAQFQrmiNUZYKWbw5dcAQcaD7Mdj
357,1GhgFoZYtt7mbUtrpgX7vG37QMd3qB1RpQ
358,1GiR8SQpLK7t7T1TdmtW3PLbCZ4Q7yjaSc
359,1Gm7c31GxYnf72t2TmoAh8KZDcFZP3dD9j
360,1GMCjGAJCToputRp5ukwiiVLdjzRzXw2eo
361,1GP3MdLFyz2SKH7rCrRyx7ngwbPjUqKT8u
362,1GPWKqKxUvedeza5nXsNxR2LobTrbFXeCA
363,1GrxV74GGTu3reKN28gGfoB1eMBbouL8o7
364,1GsQJEirTGWQuG7RVgdMubxwTUmnr9z7Yj
365,1GtincmY7P8WZYXGu7WvBaHJK6SREn1BaJ
366,1GuanbQTTJQJt3MJNaWH328d4LXg2wMRZG
367,1GuEb8fg6SUkGn56dc92pc26voDkrX5K35
368,1Gz9kzvTsrX99mt9kePHgLCJP7RbCWUUo9
369,1H4JUeqC9t3wKksnqwgqtrA2PRU7hydeGQ
370,1HAxeLw1TEqkWTJoRGGTcytpGAnfi1BnW3
371,1HbcN8NDQhzqH8StcU8ikKA2vm5EWVe4XM
372,1HcPjiNGiHAGvstfa2ykkuksw3XLKPsQxz
373,1HEbep1x3rzbwgZ1cqksSWRdJezbkiFs95
374,1HFAtaw6cMu2AAV9ip6FbbMkqBt6CrFG1f
375,1Hg9YqCuGegbgq5Yfj1D8xwNPLoQo9xKGE
376,1HibEgShaDVYy4qP2KA6U8ov7YFh5cXdYM
377,1HKLpvkStWK3KtnJ4sTX3uQZKRKmiFcWCZ
378,1HkXwBdbhMLahGdzx6X1dmHA5zHJ82UGao
379,1HLQi5tajj5JM3kba6q3t51y9UB5LyxtBM
380,1HMMtJXtnNL8gePP4CeVrRCDEQytLrpo2u
381,1HN982uCcmHBAAx6w7hn3g9N5PwzMa9tKT
382,1hnQLCd4pWVXY6Z6g2gxxXXPkm6XAFh8Y
383,1HQ4ETvKR7uDofUG2Nj2wP1tAipc9ayaKE
384,1HRd1W1jxNv4M6Eq8ywciULZiEoRicQ1CL
385,1HU2SBtBVP8CyGZAheGGrqzW41SMcnGR2q
386,1HwFU2ksFM5qydL4Zk8Ejjiwry13dSEARw
387,1HwNmm7U5G8xxosguubusW6Ma35YV19S5
388,1HXbgbRujqck1siJUxZ3NNGjozr1jQM6aD
389,1Hyk1HmYjvtLqS7DjJRzwYjKA6XyYA54J1
390,1HYmN3EVMoHXhD6DX2hh1huhrrDS3LxGA2
391,1HzKWx3Wj3paFRMRxUyHtGE8s32MGFvytS
392,1J1fviksiUWs5JL3cFtGVKckQ8ebfyd6Co
393,1J1QJ7L4ssmUu67bH8ZfJxMD49a6WcuuXT
394,1J1TSrZFDMn2Qh3R5nfyT2ti7LUNCDozzG
395,1J5vN251Dzt3kZUhLdvXhPm4WNxe69yPs7
396,1J78F3TgByzrpttnKrYkGjn3YfvJmjgw6B
397,1J8wcAnUsRkaZdjWaF25LN4NjVaPWm4ere
398,1J98iXU9MgZuDY8dKZweAjmfADFobsqA5b
399,1JEYHeUKQHwevxYkeiGeg6gksAdpYPq7hH
400,1JfQN2vR3XcJqoUPgDpjkWxjPaKKEapLLZ
401,1JigUmAf2tT27XHkWKhCRAvGKJ9KwsJZDk
402,1JPNkTjLBd2Ciya6PuJWDTknEgzKXTYhAi
403,1JQXChDcu1iMovedSPoQwngf5nKjkmepDx
404,1JrsGKEHywyL8hVQCxATMa2uePsisTm9Mo
405,1JucaxhXwvVyzA1KUi8x9Buj3kpSn2HeLd
406,1Juz8N9zQsrtyMdYFiyTKuzSEMQeQoqf1K
407,1Jv7fecDV2hZ67WgHocKEeGAn8Nysk8b64
408,1JVuFz1quhLMikS1vnUyBNoWsDvzVeUMhi
409,1JwuERWLkwm8hLAAcHj2d5dggLYZpjDe7E
410,1JxKCmXktEuLBXfq96KwX8GvYcQkmoUk9T
411,1JZF6aVyCxfMaxqmt3KPiVXefxbmd3oFMg
412,1K2RtYh9wfXdqBoJQ8V9xgm3ysj3zoJ82x
413,1KCTRKJGkZ4DmwDPPJTjdqtxJparrVXzji
414,1KDD1PLe8LjsL8954ndzhKgFbVkEwZdHPZ
415,1KDNg7BbPiMR47Z7LXKHkTX6ghSvgT1zwV
416,1KehLS4ogcTFxUwVngSPcFrkPK4hVw1k8X
417,1KeX7YrFpYADVu6wGAMMjBtrxzJ3PXcUMR
418,1KfGf3WeWkybPcQwbe4P6uPrSFx4PfJZKd
419,1KGBpGfyBqkTWJqFayCky3Mz9wMFpoV817
420,1KgRLXXhMP57mYjfjSzBPvMhmkWuLqZF2d
421,1KH14sziSVBZau3EgYR84cKAZJnxwqPKMt
422,1KLMYp9mStTKYFJ6dU5B6ugVwAjS4SCxq8
423,1KMomEQrYBgiuZRvPKAu9PBHLP17y5Xbw
424,1KocSVWqxTFYSsURf4iGFYzKsVjVFW2FtL
425,1KQZbomrPSPjJipgco3SRynGjgCZnhHHoY
426,1KskMGUTv8yeDG5s9fivcn5T3x6ZVhCC41
427,1KsPZicxUh1VT5vtptDrvLbMCBGmemeFAp
428,1KTCNgGT21s4wmwMyJPwkYi9HtUbVQzSSo
429,1Ktzy8apiv5gwMmMVXcvJ8Yh4nbrf9jGmp
430,1KvBmhCk7XzXmdD8PGF5zPYrEX37iPWiLv
431,1Kwe8F8cjfbD7hY4QoeH3cbqJTHeGF4AwM
432,1KwXysmw6XvvmVxWFP4pzWoxm7X5eFGNwL
433,1KXFyM8V7BFUCUsxuWCsYng4oSkK7wJoP2
434,1KY78DbmBw3bsx9sBHx7h6eXFgekQ1Mo5T
435,1L1WFXCrueGXpWGsWkfJyD3EiLbLCmH23u
436,1L7XVaEwh8DUpwp4N1GANk9kvpK5eG1qG6
437,1L8Bnof3KLC7bHKEYTWq9bcW9by1jew5GH
438,1L8d2Ekh6YJjAS5qfvCqhv6bELDLQsd3Yz
439,1L9tyjJM6Lhz7kn4WLyPf8cYZURuKdtWfD
440,1LEUoYujxYa9fcPM29EtXvDmzFq8LQKMKf
441,1LfHYzsq17g6VGKfc84gPu1jez3Z1TqT6w
442,1LGJhHabxaWo1gCLC3izvPHfLQup6w9qQm
443,1LH1767yyz52Fff79hWJRcjLsuH99iPzZe
444,1Lk1AkjLcViYNiY637QaTQ9f9sjkhWnhRT
445,1Lkhr2b6CftD1TfFbxe7YYkBoL62beFXzC
446,1LNTdd7tSudhSew6wL2ByL7GwPmU31a6x9
447,1LWN6bhwXL7LSy7RRamyeH83XJm5YVr9ib
448,1LYAhzWV7VgaEcssLsCuJdhacVufTMzEBG
449,1M4mZKFtjodhP3ktdLiYj76juoZVnug4P
450,1MBDz4f7owf6i9owjViPVsTbqkc8qf5B3o
451,1MGoj3sd18hDwv2f4JndjgNdLFWfexzf4g
452,1MHUkaJ9bbuqzAyN3brdk64L1gsAJnFQsn
453,1Mj48RNHdX5qq1gcFZJM83RGELZcq5w3Q7
454,1mJGA3NsWawFNRrMuPpubtTqvVUWX4Epb
455,1MkSThdcMyQYr63u6R8UCNAB6uQ4RsfbsG
456,1MkwSVxMvyKmUwXbNy4NuDdfAq817dSE2H
457,1MLazMgkw7UW5xc6HNzfJeYc27GjYoxQes
458,1Mn2Bu94TnFac6EHzjZ9i1uiGay895HMrL
459,1MnS6yfQRdybHknDUQqPVWKCyvCh24GuyZ
460,1MoRbPuo7cTxzpELRMagdshFGBPNU9BL4D
461,1Mpeca9gayUJKUsbFLG7rgERqpSpDtTDjV
462,1MQ8KqJt5SEHqBUm6LuZiidPVjVTyoX7bM
463,1MRiDaAH5VCfgbzBz9PCqzRg7J98w7VAnW
464,1Mttfz2hQtuJNZVSxVYJuob6dQYj19WgJE
465,1MugqTCndj4wwnS68VJMGpdSuHY1Zzz6zV
466,1MuH3kPMprvSeNw2MhdUX67ZMaCtBXRt8n
467,1MuUD248HmTa4GgbcA4Eow1HBk9MchP4C9
468,1MWeaMtQBhDe11SYujhtr47i7ewFMDoKSK
469,1MwPVrTpoHsi9FW9F7NEHpd7dZ2MQVJuqV
470,1Mze13XbyCwJX6kkFVMLtZLxVxDGW4MF3q
471,1MzwbfUFW4vgTSFBWJ9MFyqQLqzwhsqg5b
472,1MzzryLgWZrQLqN1T1UU7Tf4L7qGSU2vLP
473,1N1n4iujx2tkYb6852dJg3BLbeC4fYUPZr
474,1N3LrcMzQ5mzY4vzVdJunGdDJy7ivVsrbA
475,1N5goM2oL4c5E11hqhGPYEVaMiKGyvLXZp
476,1N7dctMwjDRtJbqBUjAK3PjHFE74AzyAKB
477,1N7h3Co93itBUGSu5euppoFwmPGARdiFfn
478,1N7XbCse4nrddd1CNx8FfgH6CyPJGvNq8Y
479,1NA6nEB8a9WFSN3hwxuRiit818bZgCNp83
480,1NAeLgpJkLsUUCiQiggfnEWyV2WXcVGWg5
481,1NamXHcEv3R44BBpeSnTupcsnSgQGZo4qP
482,1NCBo3jhkaA9YEykGEsS4n6sT4NSBg86n3
483,1NCiyGh8ZhD2fRYchJ29adDZ5axseYrwvr
484,1NCqvQEha4XDTEUFZX7M5J6ADCaod8cr86
485,1ND6S6aqwrHx1mVw16KwJHE8oWmAUyk68o
486,1NDcNHELEwF6cyJFcnZAcdsFJjH3VtfmRj
487,1NE8CwSxbta3f6gcG4w55rzZVcicEsgouN
488,1NEPuLkmqKwH92AmpHDBSSHd22DJHjPaRu
489,1NEYnL2T4ymWsFCwuVioxCoqjon2ff8L2U
490,1NFJEXGmVqD2ByCUeqTQgqJUMHr4Kos1v4
491,1NfxxqF1K3xCVHvYjLQM2RA7PSAm5teSGK
492,1NGjgyM2LfUBnURzJ38afTSoUxf56vfLKs
493,1NiJx1aA4AkXxu1eN1mCcLMr16tsawZihX
494,1NjKYd95vjVZFb7rZWuyZ8ha2Kq9cxe6Jg
495,1NjM9v8YMUe5w91qFEcKpEfydrw5Nudnrr
496,1Nk3bY1UZZNoXZiKz1Fn6cMDtS3mkwDcj5
497,1NkFxm6irPDr9ecWoT2tKgYqecDCu6fG1B
498,1NLBMQsJjBQS4tvhCr3goNiVuAgL2CjWbC
499,1NLFykS3XWJrexqLW4zQWYtpWjB21eXZiw
500,1NPKhpiDSkEmZg18LFLbWQJZ5N4w8xQTLT
501,1NsRw5AaD7fDYqesta22t51Bka347qJmXZ
502,1Nsxy42RxYqcUeGCSBXVoWS4Bbsfhhwed6
503,1Nv7fkquXjbi7MXvuNbpa67Umw1n4Samks
504,1NxLvzvZw3ER9vJtgJmPvt6ySFwskqUAUZ
505,1NxmuaKr3fHs1ozyLYWZYbtciDRJNzkijC
506,1NyKGuELzuNAYztHrwrnFK2r3KR3UsLie8
507,1P1Gw3VQqtFLUkf2CTSWFcGJySF9xg6anw
508,1P9HMjyu8vy4L1wNXdTMFZ1Qv7bN2GyDyh
509,1PDerrRBGzk18ourHdiLX9Rs2mZFpyL47U
510,1PeYnp9bo3DdLhDoVAf9TrhRZVdsbmAcKq
511,1PFWkgWmrM2q2fuDAXU5yVEBZWrcPvuAwM
512,1PGRjdqUwzdzHcJuq4Au3uZaefWX4wju5c
513,1PhLJW1YsvyifaUg6q82qkeQcLR1TsboQt
514,1PhuzytMzAwH5QQNoULFiDBvnyCxmTJtm4
515,1PjaoeMmfwe4WBRXCjiHXSsjcwhQLhqizw
516,1PjcxoGRsVn6DamyiactmGERU7K1PEmGkm
517,1Pjqq2foGC6E77wSBLzJowWUsBomVSKvm3
518,1PojxHMj3wwBHQ8JHU7uTo5gMY4Gc1PD6G
519,1PoKGL5CZ2QZku6x1WYCqKYJzFGCzbcaGa
520,1PPfkqH5Kv5yQMp7gkFb3HZRFqwwMapqnZ
521,1PRWdkAMyfU6ntKjBppXGGHqVh352iai4x
522,1PumcqxViwW2VeCuW14SB5BpE3iRnb2vqg
523,1PV6FCyXm83AM6HKLk5sooWadwQ7q5UnA2
524,1PXsVLkFtjwFGjjtJa3TaEM1Q8ScfAXZQL
525,1PY6tSPsFJvkU98kF53gVrpDs1XU7MzvoM
526,1PYZaCaYN6ciMAmbmVizaoMq7rmasooDVt
527,1Q4dxwxBMWEy6UUXJ2fBQL9VYk96x3nVta
528,1QCs9s9rcttpyKs3QYVwN9cV2etZjFdMQk
529,1QD5ckUF8VwdyKkaBfsFDxoai6UN8rUKC7
530,1QGp9D7XtycRENyzKSmqXyUok4SAAnH6MH
531,1rmxHqjjdCK7cDmsYyN2vwh2r1hukJrU6
532,1ukgm9QepJbhNDdsfPudaoUrBvQQktfkr
533,1W8qUpgovGTpVuma9PhGJcEnCzhZizsjq
534,1WXtgi4sX3PnQb9XXq8qnParoGpxbbRhJ
535,1YN7g6t6nKYfYTQETjpunB4JMjm53RFuM
536,1zx4bS3KanYNVFjBNv8BiNZiVbp5TQAax
537,bc1q002lrqmqvllrr588mm6k3cgylt3ydtc7k5j5zv
538,bc1q02k4d4xee2zf58wzavzq4j9xpad8jxzgf2cq99
539,bc1q02tzt4qkrn2d4uc2n5xa0tdghnj2kmr4wmg3xn
540,bc1q03sjn6e0mcddan5wtg6etwduad989wrucjtm6r
541,bc1q06gl6ukk42xrrw7nnj72u77h3kajmz8cc7ygna
542,bc1q0cpgrpek6yzv9x66peafaw66atyghz2gzvhere
543,bc1q0ec7j9asc2w8psum03nxtqfdlf4pedfl6wlntt
544,bc1q0h2sg3px0y48xqfedsxe6kev798q3ze832q8uz
545,bc1q0hzrd36zgtfkmqmh2860jnsdhd596th0zc8u8y
546,bc1q0k7ae7c8agu8rn2xmc2wxhv63hk5qy0hpdetjt
547,bc1q0kep3rwqa2ljnj49456k4mgwued0ux5cw4gy6e
548,bc1q0kpm0lnctwlytf59y2phvw7e4rcz7k2dpu2wl4
549,bc1q0r0c4jcgamm067edndtjntr46kpv73f7e2zmug
550,bc1q0s2g9qt6cf038r5f2h4hhmk84c9qsmw7es3zav
551,bc1q0v0tjsl5hntjjan4pgs8au5mq868zhhy79p07j
552,bc1q0w7ejluw5l2y7fvukc0l0ecps6ej4lssdxpnmq
553,bc1q0wzlx0wx8h6xhjz772qgqmtzuq0dqnlg6vhv2u
554,bc1q0xyh9mdh7hfmxhuzplkxjgjya3xdga2rfd0h6v
555,bc1q0xywdpy5ruc2drzvqz5r9aw6qdlf4qe5n97xye
556,bc1q20udun8q5hwmnvzwreyqca0kpt6xmx6qz74c5q
557,bc1q25zszhre06qdsyshh64crnp38zjr230888ktet
558,bc1q2dsx0j3kymcz5h0jlhm68te7cajm2ke5338ej6
559,bc1q2e96ew4hxkxsef65m5c9ccjuu04u2sx8e2h7hz
560,bc1q2jfvjcvu2whsz9hhagsqa69jugpctxrncnw6yv
561,bc1q2sv4jatf4y2r27sfkgae0m553wdavcsararagv
562,bc1q2twsx7w48ahmcgdd6x3nr7hft7r8xq36xpmudk
563,bc1q2uh6v70d3lv4vpml5vg2tmxatrwjy78gk99pf3
564,bc1q2waws4ed977n4mm9up8dmuelh6em28jf376eyv
565,bc1q2x3vpcy606y085zryyq89jceunkxzlv6fjdly8
566,bc1q2x3zy9cww3newsrlm46q59e67fl0m0m25m8pae
567,bc1q35qsx6z0j9y4fej7dmsj9m0wetygqndqll06ll
568,bc1q3j3t45mug78eujpf7rgc7cpj0e2sk3xpck0rr0
569,bc1q3nh8yt9armthaz66pd8gpk2xa5cpysnucdgezu
570,bc1q3t0p25yfqg92t6pcp57ftwdl54azah39lekr40
571,bc1q3tw7ge3p9dn8wz0atpshf767n9hhdp96ypm4lu
572,bc1q3xlpp9ckt2xjl0zp9k805s64g9yz5qa93qdapu
573,bc1q3ypaqukj0pzheezam0xppwepe3tyjep769v0eq
574,bc1q43032xjckg6sw38urdw24g9m279szedv50eumg
575,bc1q4cfzrc079pyztj07nptzcudq4599jtszr4wqq7
576,bc1q4e4dcgpk767dprcs4rrda4gmaear2p6h4x7jqw
577,bc1q4eams5r9074fdncf0mkjcmedzch0ednkyqxdes
578,bc1q4eglklawzszp4z9fgqwhz9nvmjyw2hxnmz9wwc
579,bc1q4nsm8t9j9uchedejcyzpyxty64d4dj6yv6cymn
580,bc1q4pdl7864nrug4h6l3c8jy82pekrzja4c0dt47j
581,bc1q4r9cg4hnnxa3cx855jtujld3kz0cvncgxw8a20
582,bc1q4sa5kwx4fqmqkdju6r3dgw8u8nvq97u0shkpkq
583,bc1q4z6szxtuyksq06yx669zz6n425lnlw3aqe556n
584,bc1q54jnfrujhyr0nrj0kffzpmc3sdzqatkpgztmat
585,bc1q57rapmrv6kzxqa4dlssyrk6735su7c7u2tumqx
586,bc1q5cqw303pa7h8m7cc8p4r2t4m9vxx97g406pjs7
587,bc1q5d8rkw82fz0aywreg98spuge5l8m2rjsr4l98e
588,bc1q5d9qr4prf894r79z0ypwgqgerc3px7w457kd3f
589,bc1q5et0duz9jkl56lwsl6gq5nxuu5dskunwzexd6r
590,bc1q5fd748ltjc3dq3e5x04wyd9upqrlnygjveqvn6
591,bc1q5gfdczh4pywyaqnwlyt3z6ua47lpvjhcg8fe8p
592,bc1q5gyw6n8mmec5a3qndujsm37dapkxg9ahf4ejgg
593,bc1q5mvw54w3smysu95kfrrl0qnhnj9zl7ttkrnxx5
594,bc1q5qz9fttpypeal54kjye9ed8m9t5j9xd4pwss34
595,bc1q5x0gvhz2kk00w3x3n632f08nu8nr64dg2d6d6n
596,bc1q5xm2se4spnfp9nlndh2wpjmr4fk436fver7vel
597,bc1q675qxksf9kfzw6u004v34skutpje9gtzv68a2c
598,bc1q68d4ae6qg3nyjygj2wz9dr3q9pzmrehmpca33y
599,bc1q68ryaaws67qatk4800le5splxw32myn6cwty3p
600,bc1q6d8kve6r5mtmycmfrwt888dl7aqdz5fcp4r405
601,bc1q6e8kxvk440akkyegaf4t05tlnhhs7dskj8zpjw
602,bc1q6gv3k5t5z5804rytqv84pne62ellw0p88tslfx
603,bc1q6hupqvk8vw7sw89acxje70h5kq5a980shxm5l0
604,bc1q6tmszl0fl4kutaku4vh0xgwr8zwcjyt4km9ugm
605,bc1q6zpvarnjz0uj9gft4tew2xmfweh8ygyzyryxv8
606,bc1q763v4hytcyylwmz24qjdkul9dkryd2jypzstfp
607,bc1q7a9d5fvramewxr32mnqcj8wd56nxy38ecyn6fw
608,bc1q7kwy2gn562ltev93jqgt04uq4np5pmq2683q2n
609,bc1q7pnypae0eqlpvgxnt369645j4deuqnemf3htnl
610,bc1q7rfzstrhtz3xsgz4cxum28hc207uglpd29kyjm
611,bc1q7rnszc9g4mfamxff3we0la44qtp5njz3jq2j3a
612,bc1q7s760rq60yr95syc266nmxl39vksw885mrc3ql
613,bc1q7sgk6elp3tk93ch4q9sxujgfcr58vsuufr2n3d
614,bc1q7t3mlezkrx47gmq6stssdgy6fx78k0czsq6g0z
615,bc1q7u5kg5j4yqhxef94kkm4nfeujf4nssvn6xg20a
616,bc1q7yqnp965hustpzprw4sxtwudl2cmfuzpjxqqkr
617,bc1q80txvnf2hu0eykq53zn6xpw785hs2zzwfphxhs
618,bc1q8cggu8ynr3xvqnjf7pj4fag0swdpne97w9aqyy
619,bc1q8g0snvtalkjn3695p2dp6zcykmsrp5segh7mtv
620,bc1q8q28qa2zpc6npvxqk0ffky8dx3uje8yp06fg3u
621,bc1q8qdpjehpp99ujagmlzvk867sz7flyrc8a570gy
622,bc1q8rhgva43nam7t9wt54cs4f82ctugxln29ara8j
623,bc1q8t4r0rdmggt6upjx2lfaue8p6kmnxugcwymlhd
624,bc1q97v86a8zath90jy9rtac724rs7hrdzxcwk4q3n
625,bc1q99cpzf2np846w7u2tlpjnhdh4xv6sd5t32sehk
626,bc1q9dv680nex3ztlu84gg30dv934rm4qujhdf8dx9
627,bc1q9ggt8yvvgdawg4zg3n5ee73nhv8f4448rljlfl
628,bc1q9gvfgts5psjg0c5w0ph3v3hhk2mysarmgt564c
629,bc1q9jeyvvarhrewkt7k4afhrcpp8xem9l0au305q0
630,bc1q9phk8wafagc8tq28lrkynv60m53l6gvmj5d5p3
631,bc1q9rgyu0lytfvtmu658062h3mdwqqgy8d40yj3w6
632,bc1q9t7nfdcgspdt240fm57pw94rwjkgwm4mch0gkk
633,bc1q9xgvlwg99jqcqhg96n0pc8xkutx7fpk7sn9x5n
634,bc1q9xzzpya4mu4889r4nw6suj9xkr58055kvv6dhu
635,bc1qa2fk0cjrh44zyq5nnju2pfkzjapxcx5ew8dcwt
636,bc1qa8ajlgereglp29ymtxumyflrsarf2jlepjpqlv
637,bc1qa8lscnl6y3ngkeunlhmtrte6t6uygfhj0gcf3x
638,bc1qa92ggx8gmaz9zg62wqz2kqdhl5qqxpv6ggtmvj
639,bc1qac42mv3e99tgjhlxgjy6waqkprezajhht2rrh5
640,bc1qaeltrssj6eyx8j4rkup67j68y88psvqlpwzhjz
641,bc1qaeww7u3e8k6w627sgfp5w6rwglc7gk594zt7dh
642,bc1qakujnj5vn9zxwrr38mv2ajk8hqrjlnsm4kktsg
643,bc1qaljypqyjs69k8urehm05zuvdvnlgtzjk69z7yg
644,bc1qallzsuqc4x5h4hzw3fk8msqqj2sea7u5srkenx
645,bc1qapur5vm2fespukzyelwgj4yuw8n54nkasguv0z
646,bc1qaqfntduydl85ksh6hmmjnqc63lelue0sa63lqa
647,bc1qar3j40xw3xzygd9mnw6sh6etlcmd3r4l9elxn6
648,bc1qartpq6ydslx2fw3322d6x274l6khn9m07wrcwm
649,bc1qay8dnd2fplud92kpd0k8umt8yvakkae5ngcx3u
650,bc1qaz7j0cjvq76z9ttqaqrwyssw3mkwtaxwqhq0x5
651,bc1qazvqm5wh357cw69gdrg9y45hh093vgrvynqxe5
652,bc1qc0584rl40k5nhuclelxgws32dvmyygl7rwssrl
653,bc1qc3khjsp3m7sps385xhqs39vn4995re6mdc4kc3
654,bc1qc3lhf8skjcxrhxqpvlcvj388339tzdkm5z2jet
655,bc1qcjzml3z058y4m4kealax9qt6v6t8fnl6d94wpm
656,bc1qckmhf32m63ethmjk6jfunzx489fgtsnlwvsafp
657,bc1qcncrvy6dc35n4nqptk4zt3ekq9l29djj2gexau
658,bc1qcnwrx66e3y76dcfraxf3et5uxmxlrslpk4nhpk
659,bc1qcx7hyuq87q4g07yxqpfcugtfjj7a9kq5jfrca5
660,bc1qczfnwjh44r5w5w5v2wv94r6046hrcuwe099d0w
661,bc1qd2tne52lu4jsk07upxdmh9jckcxz5uj3e8a7pz
662,bc1qd63hrpd9zagsrys04jy4nh0jrgk9hs3w32cg57
663,bc1qdegn6h4cuyulu3qnj902x25j07xr650erfqrzq
664,bc1qdghwvh950hlqs40glg57pdeddantj7smvfa29s
665,bc1qdmrsmgqnxsdp9f7c8uygxrn4sl6ufvthjtapzh
666,bc1qdpg28axsxkr06s4fnstjfnvdql3zc0p8yusfsp
667,bc1qdpus84ev7lfc6zx30cqkm02q2fj7ksh3kqahfj
668,bc1qdt2ydaf8va3m67za7ppgcg9s38mt0hhmt2ke5m
669,bc1qdzjr0gzjs48qpvy45keda4mrqhtwxrd7yhkght
670,bc1qeep0k489w99h6wlnx7gvfadjdyulgjxmesrv0d
671,bc1qefnf9n90a5r0ngqdn46pzhkm6569z3crwv07e0
672,bc1qej9v4tpm96f064tqq4rcjagcez89220eysdmtc
673,bc1qejf4x84u4elavu4q5z4x6n4amvcuvrz84kcjmy
674,bc1qejhj8w3zvjty2hgx3jwwg55gav7zu2580r4pfs
675,bc1qelrmwc3cgdcdfw9utfwzpf63ah2yyvlrrkxw94
676,bc1qemu7t5675lsvg8hkf7ju4vnlsw2uphfeunxxeq
677,bc1qepgcsrxfa2wr5tel77cqc2lmhafa08e2grhjuj
678,bc1qeyd4yps52vvhez0590kgut2q58632zatyhgrqs
679,bc1qf2mfsak0cxldprxc548a77jdww8r0t2stawhkj
680,bc1qf5yz683przgrkr68wsh8zct7maq6s69j43e6nj
681,bc1qfg30kdvps58pw4wfht6shrcjv49rss2dl7rvdj
682,bc1qfgm9zcmpg9m86dljll3dqz5ha3fd4g2eym370y
683,bc1qfp327emcven6qq8krufg3segph0jxwspdkdx68
684,bc1qfzwrwyfn2sv7lcrr8e0zq7ctqjs2pe5h2vgwkp
685,bc1qg3hs8esjn0zmt2nhhkghayxr4ktaazmdl07k7u
686,bc1qg5p30wv0nhghuf3pj6qpadjuakz2tfdea2y7df
687,bc1qg7m2l52jg3ppwl9hgr322yw9q9eaefc90fynpv
688,bc1qga73zfnqqd4gwdlhcfmklth4j2ghehpr5vey0c
689,bc1qgczwplte74sdrhw8pkpuclu02ykpuxmvaxfxnp
690,bc1qgjsu9xr9az8hpgnfl96js6jdflukcxtld5z925
691,bc1qgp4fumtypln2fk0nsucjmcu9hh9y7a04ppt2qw
692,bc1qgpsx6jakxufwurkuy6wsqml3r7qunndl2rs6wa
693,bc1qgv07y5zy0lj697c5tpdjhyrtt264umdh0at6ah
694,bc1qh0a2y90ehl2vlvgradn95v0sg9jtes2l9af3lk
695,bc1qh2d2rht99swzq7w4gftd4d3vdjhgzs45acz5qd
696,bc1qh2grd5d6au5mwhgxdsyfd62ufvu7q4ssujk4sm
697,bc1qh2xetq8gfhjs09r8fr4c3x959sh4af50w74ysn
698,bc1qh5y6nv76yyulg4t34aecdmr7rada4stzaj0wps
699,bc1qh66hre266hgnqh64upcfjqu93mjh65rtqhh9mt
700,bc1qh8zge4yjrctqm2zmuc8thhkscc72fqsgm6ls9j
701,bc1qhfvjm4w2ypvvn94qal2z3g3jgnh64598t3l4me
702,bc1qhg7nfp8h23mmdp5qv26hr6z39df7akqjyhddt0
703,bc1qhlck3phc27sacw3pntjld5hpuvcj6kqv0rqp5x
704,bc1qhmkw48n3n66pggjct0u37ax5tca0595kzkw3ru
705,bc1qj30d7wfdqm02xjux0wma729q8nwh8eer9ufckm
706,bc1qj8jj4fvjvgedel35erzql9x308g8mkh7hejks7
707,bc1qjc3qzkxxlurqr4rwsysuzkq6c3fjhlmmeda30e
708,bc1qjgku5cewwfskarpv8e2u9v40yer9cysf253tyt
709,bc1qjldtldef6l4kq3wzmscxc72r39f9cyznar77d6
710,bc1qjmqdq09gegqa7ng9ywht2n4yhuj90yy7legwtw
711,bc1qjmsuwd39n9cka3zsr636laq438eamaeslyr7ap
712,bc1qjqjescnrty4happwjf4khrtxdekz33nu4x43cj
713,bc1qjt5mqsm7z39yqgel2vpprqvdwj77lwxm8ngvmk
714,bc1qjur79sa0chcrx98q6dsznlfcfct0pls43usqdw
715,bc1qjx4tclr29hjw03kmjnca7u4y5hhtl8gvqyf8fd
716,bc1qjye8k6dmxpzw0a6ntyypruz0h0fedcg3g95yza
717,bc1qk49hz6fv08ha8qj45eaqy8s45h2zknj7fa7w4h
718,bc1qk77m3vw8k0cmgpt9dt9nlrmw9mplwa7aly8jec
719,bc1qk9jrfyd5gpu5nqfr5u9w7kdtmgapl7v7j07ct2
720,bc1qka062jp53zwjlexqf4esdjwqkuagc0g94ulzcc
721,bc1qkceceadpl3w3sat54dtmymasq5sydtftln280k
722,bc1qkcx66qajswacls33mwan0hj0fhfqrghqq6ut4v
723,bc1qkddu86586tnlll0h9glnwu04fkzdcwdqngsn63
724,bc1qkg293ymgdl0sa7wha8p6zwy8yyefql563j24pa
725,bc1qkgcpwh96wdlwdy3kvyzt3kt7tmrzl5faf3ue2l
726,bc1qkj08p44uyvjngs2ktvkhgh0td9c4zxtdwzx8t4
727,bc1qkkplpqc4sx8zpulkxnnncp4w0uy3yktu0y8psy
728,bc1qkm547zvdddzpa9w2d2pn0ul6um88jd5yg5af3t
729,bc1qkqsaj66z4f4x5qvjtv5y3y9kyspw3cfve97ku9
730,bc1qks4qmksujmf3ws52e7dkxq32325as7wcyadu30
731,bc1qktaqenh6hl5whjsy7sqq28qrr4266vygxjjnz5
732,bc1ql6fmeatj0rwl4675jdatfc28euzhv5rsx36cph
733,bc1ql6y4tpkhlpyv7kn3ty6jpdjzqs4tjrjac59v8z
734,bc1ql93yrkdc0hje2lvrc9ssulhx4a79pgyvf0slw0
735,bc1ql9k07ngpqvyh9y5r6jf847cl3zfwsfh9e4fyk9
736,bc1ql9s8fwna57s9jt4e3syx63n2em3mgz4enfrk79
737,bc1qlay8hasruu8azuxtq8gxgqkm2gsw2e4rrlgnxh
738,bc1qldx6g7sedsldnzafrxuhs7fu7dv2uf3w38kphs
739,bc1qlg2jt5kpfl0y3w28djfg88zz24ucukycqhefm4
740,bc1qlg5urjqmp9n7qha4v0de7z32jpf4xas7tmrnuk
741,bc1qlna0744q50pgp96csvj2m5wjgznr9egcmvftna
742,bc1qlpktr446jg3qcp9609gqyguedqutjfqzx90xng
743,bc1qlrecfx4fzu56nvvf0c7m6567j3rde5d472ayff
744,bc1qm4gcxl6mh0ntersa7wltt43m69340l6sj9q339
745,bc1qm6q9vtu4vx6yuurj08dnesngwry43l8hzplf3n
746,bc1qme0uykrxmxgh8ajrmhh37l4s8unkwkepkyssm3
747,bc1qmlpry7ye8sc80new3lkk65afjhzsfmxxjlyajw
748,bc1qmzh973ajq5y9eppfv07sf89y93np47z6c6c3eq
749,bc1qmzxx42zu9s3g3hg93tjh9nqjxy9daawwxvky3z
750,bc1qn3us8tj079xym0yfshfwpmdn4xqz6pr8350k9k
751,bc1qn527p7lcqnfeffc7q2gdct9xqr74pu20ezuf88
752,bc1qn5cmggyhj65kzz99vyendt7x33f7wf6hda885c
753,bc1qn5fvjyhk4f5j6tw3fr46g8dan6yl57wh4ya265
754,bc1qndw3lp44etantehvgsvkdxunpcgqt0a2sjqgvy
755,bc1qne002hvamkugnfjt470tqzwgayc4nv4gm8c6zv
756,bc1qne8qcx22fvyew6m5pcmk8hmg865hndlfcvd2z6
757,bc1qnhec7mhdyas37lv5hacsmluekp5g9ptu3emtt7
758,bc1qnllmvdqkzmzmvs0cqaytldyz9sd4pmsxmzq54m
759,bc1qnmlu57nkwp43z2guu45zgj0dskvgy68s9pyrtd
760,bc1qnmym3eu2ywy3xmn7v2zre69n2zycjjk4jesu00
761,bc1qnnmkyxc3j077enudmzjajsze89al2aqwjj86kq
762,bc1qnsg5k6hgrttu5t9lx4p3cdtm0n4ek8hz7wsq6w
763,bc1qnttxznns9kyznmupm7u2zljj4j23x7t00cw080
764,bc1qnuzydd2vd2gljtw28rfadd5k0rap05fwwxephj
765,bc1qnxrasc5eghru8jlsn9gcd3y37vt9hl7xeyd8x0
766,bc1qp40j6w79t85kwms0fzn5tdh439dm2d0z0lzs7q
767,bc1qp4ysffxvk7hexaqyf65kdg3mkrme40fsx9806a
768,bc1qp8ap3jlmpcrzz5yzvcz760nkf9rnazcxs8ezd7
769,bc1qpdw8dhr3ls8eeg84pjtuk3x0lkgqvtqfdc3v0g
770,bc1qpdwqw8d499lf830rmfyf9qzlsmagrz7xm6gf4j
771,bc1qpluapgpu8f7q60lk8gjswj7hs9233kln6w8aju
772,bc1qpmqsjc9rxdphe5jk0a5tl5flwzgtwmmds5pkx8
773,bc1qppstvx0086dgnanjqew8zy5q86nvm05hrvq737
774,bc1qpvh2clz0q56sjw7xentguhue8uaxwl7pw2k6yv
775,bc1qq09hdl9dneeyy6fkzryfyr8n0yqf9tw9y668hv
776,bc1qq8cenaqvpaznqquvqdydxu7ser4j0s738yjcxs
777,bc1qq982ls3kxtc8x635e2fvsn4500smvg8f2mg7yx
778,bc1qq9ak5tf6gaeudl0nmcr7cdclnp06u9x68lk7l7
779,bc1qqdudkqwnx8gjwjs7v0jccpr3unsqyzg5m9m9eg
780,bc1qqek27mnn7lxup2qn4pcm60aumgkrjnc5xgx0r2
781,bc1qqfdcvgu5w6nvanpgs49aznvh6d62tsrvjgedjv
782,bc1qqkpf4xu8lzkgz6yt7fma5hn39yt7hy6jrsej69
783,bc1qqmtdln72k9ve8t9l5cs9ya7zcrq4l4wfn0vcjh
784,bc1qqpcjurx3yzuy87ac3209dvu20lwmvvlnwwt3j8
785,bc1qqv6qhv9a440lpvc47znaj5nyznqh85tk9q8jwh
786,bc1qr5924pykmjm6hv3d0gk3r3jn5rfx96u5xft97e
787,bc1qr59gkz0ya4qhfnyt7j056jawrhd8ddlc44d4ps
788,bc1qrhsw2s55rpfjgyjv2utlt6apfmqd8w4nw2vwvh
789,bc1qrjjmpuqet2dlk66sqeekqvrddvevsf0k8r6msj
790,bc1qrs0vcdkhele5dp9fvr50607f9cfcdv4zy83ndd
791,bc1qs2m3lqswztl5ls6pe0ghyvky2zax4gsh22ewnr
792,bc1qs8umkvnarvwerky7jthj32s9v47l8fezw7ea29
793,bc1qs9t5tzzqnldp4aj34mqe354yam7euyv98hegtg
794,bc1qs9z4jw9xk5dfz8m7ez5teyxtjyqsqdqv9cur6l
795,bc1qsctmaflnyn6aluq55tqpn3mja9v0z6dmsajlxe
796,bc1qsd23yud7z3q22luxfsxzvpkaa6frruv584jus7
797,bc1qshechv0ka76aczhqmq496tjzzyt4pujp9ehxd5
798,bc1qsl3wrmehpcujvp3538xpy4wc6t7tvyw8sg976h
799,bc1qsm5cg0h5czjkl6wll3v8fkvlrgez38d43khjst
800,bc1qsmyq7crhp4p9vfnuel5uvj8trwe2zgc26v9prg
801,bc1qsqdfvf60f6vd5cwmkqw66l0wks9aflrk8cztht
802,bc1qsrme5y2jex8hxp79dz3en099udzhfd645tx290
803,bc1qss5w6wadnqmlgazxp8uac4nd7v6y5qppdus2hz
804,bc1qswwvtmwhw6caecpv8ervasjuramju59l4rglmq
805,bc1qsyc2pcm5qzt9tfzhak97tv7kjz4x64ma6zu396
806,bc1qt8xhg7fg8espmglm5ycuzxf7j5a7eylq5cxgyr
807,bc1qtgvdm85wzt64sduwx06cwmenq85drjx2gl590e
808,bc1qtlgvs43wzkcdyd6cpxk7rlx79ekc2l5u4y0h2t
809,bc1qtmre8ux750jcy6rzk5uk208wmfg8ef5vzejlvk
810,bc1qtp0cv4ghgmwvyycksn7r8tg68c0cus4m8c59gn
811,bc1qtpe24qpzsdy0u3pxk3ypqp677hj57gh8tuf57f
812,bc1qts003rlnhvdqctnw49ae09rlvxn8t495smpfr3
813,bc1qtx3rczuq6hcxr47f3nskrl4sef507fysmvcrq6
814,bc1qu0arqhvtu96a8gzvt75zln8lt80pws3p46ls8s
815,bc1qu0nrn06kru7nkwsnej6ucenh57j9gzsj5jenus
816,bc1qu3jhdsgszsqdvs9e2nst4drwtmyrktd5v2y75d
817,bc1qu48dkmr5x7qmvmvt4vxh2fpfqaetg0ze6cnhst
818,bc1qu4vkvzdj0gvzcwvp83kjmctnp64tqw5plkww9t
819,bc1qu4zc49cqnseyyd9pu7ecz87jd2hk3yhku9snm7
820,bc1qu5ed6z4k7an38qruv2rkersshkn8vc6sxsfnjx
821,bc1qu7dmg75vqw46d0hnyk40a0rmhnjxwep5zxxg6t
822,bc1qu7t2cx8chctq2pa633r409kereevzar290m7va
823,bc1qudtf3hs9w7xx08rzlfqcceslkz747q2uugxhyv
824,bc1quedgdg0thq9nnqdqrcejpxrwf0zaacken9z3gl
825,bc1quey3edepva0rla6uq3dp3a6ujd4pg3lnmz3444
826,bc1quk4urm4xk3vl2y6v59zf84xzyp7dqhnpjfjqmr
827,bc1qur7lrk4jcef0pukvwzk58jzyf3k77fgy6dv7gs
828,bc1qus4zmk7gw8y5hj8yv0k3au04aksqup2ghl5rux
829,bc1quwv600mlkj3qr7dhlak6r07ts4q0kge7v4jwwg
830,bc1qv725xtqpt2wdkq0mtntg5wggan9wghfhlhkpyd
831,bc1qv84st0t7k4hwjzgjrtg7zlaxaqftylt2c8wrsj
832,bc1qva6d89fhuud9dyrzxqtktnn9z2vd87mdhvl7hm
833,bc1qvck0c460qjr3xdgwpggvjxf6mmkn5wxlyw44h0
834,bc1qvclxc675vv34ff2d60gzfh5rugfwh4tk7wvz2s
835,bc1qvgfw0ch586hs50lv3zpx44gzg2ltaxq98u4sxu
836,bc1qvjfh7wp3g3sgvhu2fwjjjr2hazzh263d2vulyn
837,bc1qvmhp2u003t30860x5gwrv5yu4jjgynng5tc6vv
838,bc1qvpq7hhww76gx3tpet96hx49074syu5p4mklfts
839,bc1qvrr2mzg4r9668vdlan8uz0r4na96hd034kdplc
840,bc1qvs9t0f9kq5nm5zeqfrywtruzdxy8ph25u8e8p5
841,bc1qvsq8mqmr39gh8elpj4xrsye6dfa60a4fagx447
842,bc1qvsvmgjdvzc7sefmz90c0avkl3wsej98emdxhxn
843,bc1qvw9p7e6ke49y4csetejzt4ehxrarz85phhfpsk
844,bc1qvynmsznv4uny8afym2xlxk5vz05yf2wa4lde2n
845,bc1qvzr4tvwq080j3zrf34upq68zlyyznek6nrvd2m
846,bc1qw6whukkw0dy38qfgd3e9nxdddjgu0hf7rph6wj
847,bc1qwcmkddge8wu3egp7wff4cdxfs9yjl59cn56zc0
848,bc1qwhk6jp4zjgnp20z0vwt4l4vvtpkhdpx8ftu26a
849,bc1qwjerz70paasu6sgrnaz4pr7ed5e24m5869cfm2
850,bc1qwpnlc4tvlprqs20jfmft6eeqvaw50mjnp0ezkw
851,bc1qwqgtu53xjph37q7zcjcptcqar5d5476uhxdc6k
852,bc1qwrezggxchpy95f5a8tzdfwfhk3yvnk98ymjhjq
853,bc1qwsdy9h48630lkwm7dcnmjf96rcsfd8y24dl28y
854,bc1qwtvqxlzy7mnrff52xyynklyjyu4d4cdu606n7j
855,bc1qwvnw9ryrp0wshav8ej2eeshtljs7fw2a370jd2
856,bc1qwwesmk49f6rnlvtdnjnvfyk7zveztt6nl6t3dy
857,bc1qwxewtqydlteav53hdqp8kcdpexe5edxlc69ke0
858,bc1qx3psdrjj3ym83kcl8hrarty3xymsuuml7a5klq
859,bc1qx6wh08g6jcj728p8xmvft0mfj9rvfvd4l4rw9f
860,bc1qx6ylcd2h4hvw4tkv4n4889wvmsp5wpgguf0hlk
861,bc1qxg7vzpnqhp33mzz7jkszxz8zmdfl8mcj6rgehw
862,bc1qxhprclhsjzjgyvla4gn8rryvfher5mdrmu9ktt
863,bc1qxlxtu90ft3mgtuc7ahlfmex2nnp5vkdyhr7d8z
864,bc1qxmxjtw4tlnv8zxr0gpdfkxlquev9v8e5vuac8z
865,bc1qxqydqghg8hzkc9wvrkvgg4aj3gxysmjlxga8cg
866,bc1qxzamrr4c4qgvq5ca4c5frvnj505ggn82app6t0
867,bc1qy3c46kn29jc95rfctw8khuz2j6k7jn0g9tef6y
868,bc1qy3ujnhcw6cg52wk98ltfeg6kngkha43s8ts8qf
869,bc1qy58uf2hwe7e3rjle37qkenhrjfnvu886s0ckya
870,bc1qy5u2kd90safhjdd3dwd5t35ml8c9e5vnqr6ymt
871,bc1qy78u4zj4uzm06hs0ez6dstudfxt0jy77fcyxme
872,bc1qyh4sdnrk0ftaywhkpls2am44nqjtt5hvv7wc93
873,bc1qyhqfkf67ygykhnmd0qsfksm5pmz4je60p54rpc
874,bc1qyk8lsyhamv4lzknnyk3hnsdm9s5c0lfuyj994q
875,bc1qynlqurg9klusjva8e77a2a02d568l0h0l4pecj
876,bc1qyrn7rxlxsp2s3q30jz6d0l093a6w8k8nxgq6m2
877,bc1qysd2znlmpvy3m70yrphdhthj927n4mg8kddxf3
878,bc1qysnx2nw2eatjawjlj6nyaa4nulm3z2wj0zm73h
879,bc1qyw487kfsekl36k99vjlvlzr5qsfkwvt9nlfndf
880,bc1qywp5948l867uz64a3729xefqhggzy6e4e3j470
881,bc1qywrdvh4l0ajrwvaalr9xh43z75cq4myqxqt60j
882,bc1qyyczlkz94huv68psnvja8fsyyjquuldunvm96u
883,bc1qz08pcxhmu4206yls5xmr0639y6tmk865u7kynn
884,bc1qz8cln8a3082lsg64x6httg0y0dx20kqvx94skf
885,bc1qze0aw4t5avmp03rcx9sr4dd43v7ux6cjeex9ks
886,bc1qzpe7mkuhcjdk226vw9tswklcukrsf9vsszkf6h
887,bc1qzqtvrjp5yza75ft2z573a36u33x8jsep23ahzj
888,39EptyxQUopFRaUzJyRv94zrPCW2smJ618
889,3NwXDXoommNRUkKRVCeTmxAffT3pzdriwz
890,bc1q8lacc29tsm88s2klwt5p2sq4fwk35x6xx62vhy
891,bc1q9gc8vc3ta3tvhtpv3ga4s744asuldcfdtvzde3
892,1NtQx1R5nugv37CY8EdRKTVPFFuaQjy48w
893,bc1ques95tupg9xa3h6hc8tsj40kdmdl9y8tx7fy0g
894,bc1qaxcjrps0c93cdxnxglq2h5ukl3yvxee0t52qur
895,bc1qtpp7sa20wqu5kk2m2x2dl3m248qq5808txpkux
896,bc1qs3qf5zkxhavc95r3txanezn5cm6j5jjnprhcyv
897,bc1qlfa6gk9tg3h85n2rp5vhqj3acmcgt7a5jqj3nu
898,3DCTZUCpYwpsPvYDxDRx7VAn1iMXNdDBy7